<?xml version="1.0" encoding="UTF-8" standalone="no"?>
<Cuentas>
                    
    
    
    
    <Cuenta>
                                        
        
        
        
        <NumeroCuenta>CTA7658</NumeroCuenta>
                                        
        
        
        
        <FechaCreacion>18/10/2024</FechaCreacion>
                                        
        
        
        
        <Estatus>Activa</Estatus>
                                        
        
        
        
        <Saldo>1022.0860000000001</Saldo>
                                        
        
        
        
        <NombreCliente>yeremi</NombreCliente>
                                        
        
        
        
        <IdentificacionCliente>17</IdentificacionCliente>
                                        
        
        
        
        <PIN>6473316a</PIN>
                                    
    
    
    
    </Cuenta>
                



</Cuentas>
